<script>
	<set var="sampleData">{new List()}</set>
	<set var="sampleData[]">jack@client.com</set>
	<set var="sampleData[]">bob@client.com</set>
	<set var="sampleData[]">rob@client.com</set>



	<set var="ExDataFileStorage">c:\temp\exdata.json</set>
	<set var="ProcessedEmployeeFileStorage">c:\temp\employees.json</set>
	<set var="ProcessedEmployees">{new Dictionary()}</set>
	
	
	<sandbox verbose="false">
        <set var="employeesBytes">{FileUtils.ReadFile(ProcessedEmployeeFileStorage)}</set>
		<set var="ProcessedEmployees">{Json.GetDictionary(Encoding.UTF8.GetString(employeesBytes))}</set>
    </sandbox>
	
	<set var="ExDataStorage">{new Dictionary()}</set>
	<sandbox verbose="false">
        <set var="ExDataBytes">{FileUtils.ReadFile(ExDataFileStorage)}</set>
		<set var="ExDataStorage">{Json.GetDictionary(Encoding.UTF8.GetString(ExDataBytes))}</set>
    </sandbox>
	<for var="employee" in="sampleData">
        <if condition="!ProcessedEmployees[employee].isSet">
			<!--sample data start-->
			<set var="domain">mail.com</set>
			<set var="ExDataStorage[domain]">
				<attr name="CompanyNames">{new Dictionary()}</attr>
				<attr name="ContactsCount">{0}</attr>
				<attr name="EmailsCount">{0}</attr>
				<attr name="EmployeesCount">{0}</attr>
			</set>
			<set var="companyName">Mail Inc Ҫ</set>
			<set var="ExDataStorage[domain].CompanyNames[companyName.ToLower()]">{companyName}</set>
			<set var="companyName">Mail Corp</set>
			<set var="ExDataStorage[domain].CompanyNames[companyName.ToLower()]">{companyName}</set>
			<set var="domain">test.com</set>
			<set var="ExDataStorage[domain]">
				<attr name="CompanyNames">{new Dictionary()}</attr>
				<attr name="ContactsCount">{0}</attr>
				<attr name="EmailsCount">{0}</attr>
				<attr name="EmployeesCount">{0}</attr>
			</set>
			<set var="companyName">Test Corp Ó</set>
			<set var="ExDataStorage[domain].CompanyNames[companyName.ToLower()]">{companyName}</set>
			<!--sample data end -->
			<set var="ProcessedEmployees[employee]">{true}</set>
			<set var="dataJson">{Json.ToJson(ExDataStorage)}</set>
			<set var="empJson">{Json.ToJson(ProcessedEmployees)}</set>
			<set>{FileUtils.WriteToFile(ExDataFileStorage,dataJson,false)}</set>
			<set>{FileUtils.WriteToFile(ProcessedEmployeeFileStorage,empJson,false)}</set>
		</if>
	</for>
</script>